fold,penalizer,n_features_selected,test_c_index,n_test
1,0.001,49,0.5949579831932773,112
2,0.01,15,0.4779735682819383,111
3,0.01,14,0.5101351351351351,111
4,0.001,47,0.6852941176470588,111
5,0.01,13,0.4592901878914405,111
